"Id","Position","First Name","Nickname","Last Name","FPPG","Played","Salary","Game","Team","Opponent","Injury Indicator","Injury Details","",""
"22415-9488","SF","LeBron","LeBron James","James","54.78148057725694","27","12600","ATL@CLE","CLE","ATL","","","",""
"22415-49111","C","Joel","Joel Embiid","Embiid","45.62380836123512","21","10800","PHI@MIN","PHI","MIN","GTD","Back","",""
"22415-66115","PF","Ben","Ben Simmons","Simmons","45.3039990234375","25","10000","PHI@MIN","PHI","MIN","","","",""
"22415-55062","C","Nikola","Nikola Jokic","Jokic","38.900001162574405","21","9800","DEN@DET","DEN","DET","O","Ankle","",""
"22415-58462","C","Karl-Anthony","Karl-Anthony Towns","Towns","40.170369466145836","27","9700","PHI@MIN","MIN","PHI","","","",""
"22415-63122","PF","Kristaps","Kristaps Porzingis","Porzingis","40.668182373046875","22","9700","LAL@NY","NY","LAL","","","",""
"22415-12332","PG","John","John Wall","Wall","41.70624923706055","16","9300","WAS@BKN","WAS","BKN","GTD","Knee","",""
"22415-15557","C","Andre","Andre Drummond","Drummond","43.25384521484375","26","9200","DEN@DET","DET","DEN","","","",""
"22415-14528","SF","Jimmy","Jimmy Butler","Butler","37.2039990234375","25","9000","PHI@MIN","MIN","PHI","","","",""
"22415-15595","SG","Bradley","Bradley Beal","Beal","35.703845684344955","26","8600","WAS@BKN","WAS","BKN","","","",""
"22415-9688","PF","LaMarcus","LaMarcus Aldridge","Aldridge","39.35384662334736","26","8300","SA@DAL","SA","DAL","","","",""
"22415-23120","SF","TJ","TJ Warren","Warren","30.839285714285715","28","8000","PHO@SAC","PHO","SAC","","","",""
"22415-9874","C","Kevin","Kevin Love","Love","35.73076923076923","26","8000","ATL@CLE","CLE","ATL","GTD","Hip","",""
"22415-40201","PG","Dennis","Dennis Schroder","Schroder","34.15833282470703","24","7900","ATL@CLE","ATL","CLE","","","",""
"22415-17333","SG","Will","Will Barton","Barton","30.599999060997597","26","7800","DEN@DET","DEN","DET","","","",""
"22415-58312","SG","D'Angelo","D'Angelo Russell","Russell","34.51666768391927","12","7600","WAS@BKN","BKN","WAS","O","Knee","",""
"22415-9579","PF","Zach","Zach Randolph","Randolph","28.183334350585938","24","7500","PHO@SAC","SAC","PHO","","","",""
"22415-58460","SG","Devin","Devin Booker","Booker","36.4239990234375","25","7400","PHO@SAC","PHO","SAC","O","Groin","",""
"22415-15628","SF","Otto","Otto Porter Jr.","Porter Jr.","32.16","25","7400","WAS@BKN","WAS","BKN","","","",""
"22415-14518","PF","Tobias","Tobias Harris","Harris","29.43076970027043","26","7300","DEN@DET","DET","DEN","","","",""
"22415-80806","PG","Lonzo","Lonzo Ball","Ball","31.78800048828125","25","7300","LAL@NY","LAL","NY","","","",""
"22415-42148","PF","Rondae","Rondae Hollis-Jefferson","Hollis-Jefferson","27.490908536044035","22","7200","WAS@BKN","BKN","WAS","","","",""
"22415-66048","SF","Brandon","Brandon Ingram","Ingram","29.6439990234375","25","7100","LAL@NY","LAL","NY","","","",""
"22415-20491","SF","Robert","Robert Covington","Covington","30.98","25","7000","PHI@MIN","PHI","MIN","GTD","Back","",""
"22415-14513","SF","Kawhi","Kawhi Leonard","Leonard","43.2972972972973","74","7000","SA@DAL","SA","DAL","","","",""
"22415-15542","PG","Spencer","Spencer Dinwiddie","Dinwiddie","27.870834350585938","24","7000","WAS@BKN","BKN","WAS","","","",""
"22415-15946","SF","Harrison","Harrison Barnes","Barnes","30.98888934100116","27","6600","SA@DAL","DAL","SA","","","",""
"22415-14516","C","Enes","Enes Kanter","Kanter","29.300001061480977","23","6600","LAL@NY","NY","LAL","","","",""
"22415-9446","PG","Jeff","Jeff Teague","Teague","30.726087487262227","23","6500","PHI@MIN","MIN","PHI","","","",""
"22415-55056","PF","Dario","Dario Saric","Saric","23.82","25","6400","PHI@MIN","PHI","MIN","","","",""
"22415-66236","PF","John","John Collins","Collins","24.347618466331845","21","6200","ATL@CLE","ATL","CLE","O","Shoulder","",""
"22415-14523","PG","Reggie","Reggie Jackson","Jackson","27.138460599459133","26","6100","DEN@DET","DET","DEN","","","",""
"22415-23798","SG","Caris","Caris LeVert","LeVert","24.14800048828125","25","6100","WAS@BKN","BKN","WAS","","","",""
"22415-23823","C","Willie","Willie Cauley-Stein","Cauley-Stein","24.434782608695652","23","6000","PHO@SAC","SAC","PHO","GTD","Back","",""
"22415-9570","C","Pau","Pau Gasol","Gasol","28.811537522536057","26","6000","SA@DAL","SA","DAL","GTD","Rest","",""
"22415-24544","SG","Gary","Gary Harris","Harris","27.729166666666668","24","6000","DEN@DET","DEN","DET","","","",""
"22415-15846","SG","Tim","Tim Hardaway Jr.","Hardaway Jr.","30.266665504092263","21","6000","LAL@NY","NY","LAL","O","Leg","",""
"22415-9598","PF","Ersan","Ersan Ilyasova","Ilyasova","20.626666259765624","15","5900","ATL@CLE","ATL","CLE","","","",""
"22415-49116","SG","Andrew","Andrew Wiggins","Wiggins","29.1629638671875","27","5900","PHI@MIN","MIN","PHI","","","",""
"22415-15636","SG","Kentavious","Kentavious Caldwell-Pope","Caldwell-Pope","27.382608164911684","23","5800","LAL@NY","LAL","NY","","","",""
"22415-23572","SF","Taurean","Taurean Prince","Prince","25.51538555438702","26","5700","ATL@CLE","ATL","CLE","","","",""
"22415-9787","SF","DeMarre","DeMarre Carroll","Carroll","26.882608164911684","23","5700","WAS@BKN","BKN","WAS","","","",""
"22415-9655","SG","JJ","JJ Redick","Redick","25.833333333333332","24","5700","PHI@MIN","PHI","MIN","","","",""
"22415-16301","C","Dewayne","Dewayne Dedmon","Dedmon","24.45","20","5600","ATL@CLE","ATL","CLE","O","Leg","",""
"22415-58377","PF","Kyle","Kyle Kuzma","Kuzma","26.0625","24","5500","LAL@NY","LAL","NY","","","",""
"22415-23665","SG","Buddy","Buddy Hield","Hield","21.933334350585938","24","5500","PHO@SAC","SAC","PHO","","","",""
"22415-14521","PF","Kenneth","Kenneth Faried","Faried","15.695652173913043","23","5500","DEN@DET","DEN","DET","","","",""
"22415-9473","C","Tyson","Tyson Chandler","Chandler","22.605000305175782","20","5500","PHO@SAC","PHO","SAC","","","",""
"22415-19781","SG","Kent","Kent Bazemore","Bazemore","27.173076923076923","26","5500","ATL@CLE","ATL","CLE","","","",""
"22415-9495","PG","J.J.","J.J. Barea","Barea","23.396296748408563","27","5400","SA@DAL","DAL","SA","","","",""
"22415-9615","SF","Courtney","Courtney Lee","Lee","24.303847092848557","26","5400","LAL@NY","NY","LAL","","","",""
"22415-80814","PG","Dennis","Dennis Smith Jr.","Smith Jr.","25.699998938519023","23","5400","SA@DAL","DAL","SA","O","Hip","",""
"22415-12334","SG","Avery","Avery Bradley","Bradley","24.02692354642428","26","5300","DEN@DET","DET","DEN","GTD","Illness","",""
"22415-12337","C","Greg","Greg Monroe","Monroe","21.5625","16","5300","PHO@SAC","PHO","SAC","","","",""
"22415-12350","PF","Trevor","Trevor Booker","Booker","22.310000610351562","20","5300","PHI@MIN","PHI","MIN","","","",""
"22415-20640","SG","Jordan","Jordan Clarkson","Clarkson","23.2160009765625","25","5300","LAL@NY","LAL","NY","","","",""
"22415-23716","SF","Kyle","Kyle Anderson","Anderson","25.278261931046195","23","5300","SA@DAL","SA","DAL","O","Knee","",""
"22415-42669","PF","Julius","Julius Randle","Randle","24.51199951171875","25","5300","LAL@NY","LAL","NY","","","",""
"22415-9481","PF","Taj","Taj Gibson","Gibson","26.4333337854456","27","5300","PHI@MIN","MIN","PHI","","","",""
"22415-9577","SF","Rudy","Rudy Gay","Gay","24.68","25","5300","SA@DAL","SA","DAL","","","",""
"22415-9585","SG","Dwyane","Dwyane Wade","Wade","24.915384145883415","26","5300","ATL@CLE","CLE","ATL","","","",""
"22415-20992","PF","Larry","Larry Nance Jr.","Nance Jr.","24.521427699497767","14","5200","LAL@NY","LAL","NY","","","",""
"22415-66108","PG","Jamal","Jamal Murray","Murray","21.81923029972957","26","5200","DEN@DET","DEN","DET","","","",""
"22415-58083","C","Jahlil","Jahlil Okafor","Okafor","12.649999618530273","2","5200","WAS@BKN","BKN","WAS","","","",""
"22415-15590","C","Mason","Mason Plumlee","Plumlee","17.74230722280649","26","5200","DEN@DET","DEN","DET","","","",""
"22415-14511","PF","Markieff","Markieff Morris","Morris","19.07894736842105","19","5100","WAS@BKN","WAS","BKN","","","",""
"22415-9799","SG","Wesley","Wesley Matthews","Matthews","22.248148600260418","27","5000","SA@DAL","DAL","SA","","","",""
"22415-15814","C","Alex","Alex Len","Len","23.31304400900136","23","4900","PHO@SAC","PHO","SAC","","","",""
"22415-58461","PF","Trey","Trey Lyles","Lyles","12.976190476190476","21","4800","DEN@DET","DEN","DET","","","",""
"22415-58463","PG","Tyler","Tyler Ulis","Ulis","17.459259033203125","27","4800","PHO@SAC","PHO","SAC","","","",""
"22415-9500","PF","Dirk","Dirk Nowitzki","Nowitzki","22.492592140480323","27","4800","SA@DAL","DAL","SA","","","",""
"22415-9713","PG","Jarrett","Jarrett Jack","Jack","19.054166158040363","24","4800","LAL@NY","NY","LAL","","","",""
"22415-80809","SF","Josh","Josh Jackson","Jackson","17.349999564034597","28","4700","PHO@SAC","PHO","SAC","","","",""
"22415-80810","PG","De'Aaron","De'Aaron Fox","Fox","20.926922137920673","26","4700","PHO@SAC","SAC","PHO","","","",""
"22415-9661","C","Marcin","Marcin Gortat","Gortat","25.23461444561298","26","4700","WAS@BKN","WAS","BKN","","","",""
"22415-67707","PF","Marquese","Marquese Chriss","Chriss","17.696428571428573","28","4600","PHO@SAC","PHO","SAC","","","",""
"22415-17542","C","Alan","Alan Williams","Williams","18.52978775349069","47","4600","PHO@SAC","PHO","SAC","O","Knee","",""
"22415-23097","PG","Tomas","Tomas Satoransky","Satoransky","13.205882352941176","17","4500","WAS@BKN","WAS","BKN","","","",""
"22415-19049","PG","Mike","Mike James","James","21.775000435965403","28","4500","PHO@SAC","PHO","SAC","","","",""
"22415-15501","SF","Allen","Allen Crabbe","Crabbe","20.459091186523438","22","4500","WAS@BKN","BKN","WAS","","","",""
"22415-23772","PG","Yogi","Yogi Ferrell","Ferrell","17.055555555555557","27","4500","SA@DAL","DAL","SA","","","",""
"22415-58153","SF","Kelly","Kelly Oubre Jr.","Oubre Jr.","22.061537522536057","26","4500","WAS@BKN","WAS","BKN","","","",""
"22415-23447","C","Richaun","Richaun Holmes","Holmes","14.708333333333334","12","4500","PHI@MIN","PHI","MIN","","","",""
"22415-9648","PF","Jeff","Jeff Green","Green","18.944444444444443","27","4500","ATL@CLE","CLE","ATL","","","",""
"22415-9758","SG","Danny","Danny Green","Green","22.5039990234375","25","4400","SA@DAL","SA","DAL","","","",""
"22415-9475","PG","Derrick","Derrick Rose","Rose","18.514286586216517","7","4400","ATL@CLE","CLE","ATL","O","Ankle","",""
"22415-9506","SG","JR","JR Smith","Smith","17.251851399739582","27","4400","ATL@CLE","CLE","ATL","","","",""
"22415-9621","C","Brook","Brook Lopez","Lopez","25.7439990234375","25","4400","LAL@NY","LAL","NY","","","",""
"22415-9636","SF","Wilson","Wilson Chandler","Chandler","19.290908813476562","22","4400","DEN@DET","DEN","DET","","","",""
"22415-23121","PF","Tyler","Tyler Cavanaugh","Cavanaugh","10.941176470588236","17","4200","ATL@CLE","ATL","CLE","","","",""
"22415-14501","C","Tristan","Tristan Thompson","Thompson","13.712499618530273","8","4200","ATL@CLE","CLE","ATL","GTD","Calf","",""
"22415-49336","SF","DeAndre'","DeAndre' Bembry","Bembry","12.84999974568685","12","4200","ATL@CLE","ATL","CLE","","","",""
"22415-9939","PG","Patty","Patty Mills","Mills","19.218519422743057","27","4200","SA@DAL","SA","DAL","","","",""
"22415-55060","SG","Bogdan","Bogdan Bogdanovic","Bogdanovic","18.44782555621603","23","4200","PHO@SAC","SAC","PHO","","","",""
"22415-18393","PG","T.J.","T.J. McConnell","McConnell","20.695238385881698","21","4200","PHI@MIN","PHI","MIN","GTD","Shoulder","",""
"22415-15771","PF","Gorgui","Gorgui Dieng","Dieng","15.670833587646484","24","4100","PHI@MIN","MIN","PHI","","","",""
"22415-15800","PF","Jae","Jae Crowder","Crowder","15.488889341001157","27","4100","ATL@CLE","CLE","ATL","","","",""
"22415-49114","PG","Frank","Frank Mason","Mason","14.905263800370065","19","4100","PHO@SAC","SAC","PHO","","","",""
"22415-58350","SF","Stanley","Stanley Johnson","Johnson","17.373913308848504","23","4100","DEN@DET","DET","DEN","","","",""
"22415-9862","PF","Amir","Amir Johnson","Johnson","16.5749994913737","24","4000","PHI@MIN","PHI","MIN","","","",""
"22415-12511","PG","Ish","Ish Smith","Smith","18.457692072941708","26","4000","DEN@DET","DET","DEN","","","",""
"22415-15583","SG","Seth","Seth Curry","Curry","22.30142822265625","70","4000","SA@DAL","DAL","SA","O","Lower leg","",""
"22415-18256","SF","Doug","Doug McDermott","McDermott","14.903846153846153","26","4000","LAL@NY","NY","LAL","","","",""
"22415-9613","SG","Devin","Devin Harris","Harris","16.042856852213543","21","4000","SA@DAL","DAL","SA","","","",""
"22415-9703","PG","George","George Hill","Hill","18.278260604194973","23","4000","PHO@SAC","SAC","PHO","","","",""
"22415-9715","SG","Marco","Marco Belinelli","Belinelli","20.888460599459133","26","4000","ATL@CLE","ATL","CLE","","","",""
"22415-67708","PG","Dejounte","Dejounte Murray","Murray","16.966666892722802","27","3900","SA@DAL","SA","DAL","","","",""
"22415-16071","PG","Tim","Tim Frazier","Frazier","14.265384380634014","26","3900","WAS@BKN","WAS","BKN","","","",""
"22415-80813","PG","Frank","Frank Ntilikina","Ntilikina","15.143477730129076","23","3900","LAL@NY","NY","LAL","","","",""
"22415-9702","PG","Tony","Tony Parker","Parker","18.416666666666668","6","3900","SA@DAL","SA","DAL","GTD","Rest","",""
"22415-17384","C","Kyle","Kyle O'Quinn","O'Quinn","19.07307668832632","26","3900","LAL@NY","NY","LAL","","","",""
"22415-16368","PF","Mike","Mike Scott","Scott","14.291304878566576","23","3900","WAS@BKN","WAS","BKN","","","",""
"22415-70824","C","Ante","Ante Zizic","Zizic","3.5700000762939452","10","3800","ATL@CLE","CLE","ATL","","","",""
"22415-9920","PF","Anthony","Anthony Tolliver","Tolliver","13.230434251868207","23","3800","DEN@DET","DET","DEN","","","",""
"22415-81621","PF","Maxi","Maxi Kleber","Kleber","12.071428571428571","21","3800","SA@DAL","DAL","SA","","","",""
"22415-9953","C","Ian","Ian Mahinmi","Mahinmi","10.953845684344952","26","3800","WAS@BKN","WAS","BKN","GTD","Knee","",""
"22415-15671","SG","Brandon","Brandon Paul","Paul","8.448148374204282","27","3800","SA@DAL","SA","DAL","","","",""
"22415-80821","C","Jarrett","Jarrett Allen","Allen","14.511764526367188","17","3800","WAS@BKN","BKN","WAS","","","",""
"22415-9678","C","Channing","Channing Frye","Frye","9.595999755859374","25","3800","ATL@CLE","CLE","ATL","","","",""
"22415-9810","PG","Jerryd","Jerryd Bayless","Bayless","15.875","20","3700","PHI@MIN","PHI","MIN","","","",""
"22415-63124","PG","Emmanuel","Emmanuel Mudiay","Mudiay","18.5499995304988","26","3700","DEN@DET","DEN","DET","","","",""
"22415-63127","C","Willy","Willy Hernangomez","Hernangomez","12.12142835344587","14","3700","LAL@NY","NY","LAL","","","",""
"22415-16183","SF","JaKarr","JaKarr Sampson","Sampson","14.166666666666666","6","3700","PHO@SAC","SAC","PHO","","","",""
"22415-9704","SG","Manu","Manu Ginobili","Ginobili","15.522727272727273","22","3700","SA@DAL","SA","DAL","GTD","Rest","",""
"22415-9731","C","Kosta","Kosta Koufos","Koufos","15.934614915114183","26","3600","PHO@SAC","SAC","PHO","","","",""
"22415-15961","C","Tyler","Tyler Zeller","Zeller","16.829412123736212","17","3600","WAS@BKN","BKN","WAS","","","",""
"22415-9870","SG","Kyle","Kyle Korver","Korver","16.274073848017938","27","3600","ATL@CLE","CLE","ATL","","","",""
"22415-14515","SG","Iman","Iman Shumpert","Shumpert","12.115384615384615","13","3600","ATL@CLE","CLE","ATL","O","Knee","",""
"22415-16063","PF","Eric","Eric Moreland","Moreland","8.527273004705256","22","3600","DEN@DET","DET","DEN","GTD","Illness","",""
"22415-22727","PG","Ron","Ron Baker","Baker","11.1875","8","3600","LAL@NY","NY","LAL","","","",""
"22415-15591","C","Miles","Miles Plumlee","Plumlee","11.342857360839844","7","3600","ATL@CLE","ATL","CLE","","","",""
"22415-16196","PF","Dwight","Dwight Powell","Powell","16.353846623347355","26","3600","SA@DAL","DAL","SA","","","",""
"22415-58247","PG","Isaiah","Isaiah Whitehead","Whitehead","12.233333163791233","9","3600","WAS@BKN","BKN","WAS","","","",""
"22415-48583","SG","Antonius","Antonius Cleveland","Cleveland","4.8666665818956165","9","3600","SA@DAL","DAL","SA","","","",""
"22415-9712","PG","Jose","Jose Calderon","Calderon","7.755555894639757","18","3600","ATL@CLE","CLE","ATL","","","",""
"22415-49675","PG","Derrick","Derrick White","White","6.049999872843425","6","3500","SA@DAL","SA","DAL","","","",""
"22415-64017","C","Salah","Salah Mejri","Mejri","12.682609226392662","23","3500","SA@DAL","DAL","SA","","","",""
"22415-66064","SG","Malik","Malik Beasley","Beasley","6.75652147376019","23","3500","DEN@DET","DEN","DET","","","",""
"22415-59416","SF","John","John Holland","Holland","1.100000023841858","4","3500","ATL@CLE","CLE","ATL","","","",""
"22415-9778","PF","Josh","Josh McRoberts","McRoberts","13.172726717862217","22","3500","SA@DAL","DAL","SA","O","Lower body","",""
"22415-23612","SG","Marcus","Marcus Georges-Hunt","Georges-Hunt","0.9666666454739041","9","3500","PHI@MIN","MIN","PHI","","","",""
"22415-66109","PF","Skal","Skal Labissiere","Labissiere","15.595832824707031","24","3500","PHO@SAC","SAC","PHO","","","",""
"22415-12349","PF","Luke","Luke Babbitt","Babbitt","12.569565482761549","23","3500","ATL@CLE","ATL","CLE","GTD","Back","",""
"22415-12354","C","Cole","Cole Aldrich","Aldrich","1.3399999618530274","5","3500","PHI@MIN","MIN","PHI","","","",""
"22415-15947","SF","Reggie","Reggie Bullock","Bullock","7.483333587646484","12","3500","DEN@DET","DET","DEN","","","",""
"22415-12368","SF","Nemanja","Nemanja Bjelica","Bjelica","13.205555386013454","18","3500","PHI@MIN","MIN","PHI","O","Foot","",""
"22415-15955","PF","James Michael","James Michael McAdoo","McAdoo","4","1","3500","PHI@MIN","PHI","MIN","","","",""
"22415-58457","SF","Devin","Devin Robinson","Robinson","0","0","3500","WAS@BKN","WAS","BKN","","","",""
"22415-59483","PF","Chris","Chris McCullough","McCullough","7.316666920979817","6","3500","WAS@BKN","WAS","BKN","","","",""
"22415-43109","PF","Alec","Alec Peters","Peters","6.300000190734863","2","3500","PHO@SAC","PHO","SAC","","","",""
"22415-15469","PF","Quincy","Quincy Acy","Acy","11.25500030517578","20","3500","WAS@BKN","BKN","WAS","","","",""
"22415-40562","SG","Josh","Josh Hart","Hart","8.555000305175781","20","3500","LAL@NY","LAL","NY","","","",""
"22415-81528","SG","Yakuba","Yakuba Ouattara","Ouattara","0","0","3500","WAS@BKN","BKN","WAS","","","",""
"22415-15994","C","Jack","Jack Cooley","Cooley","4.699999809265137","1","3500","PHO@SAC","SAC","PHO","","","",""
"22415-16506","PG","Dwight","Dwight Buycks","Buycks","0","0","3500","DEN@DET","DET","DEN","","","",""
"22415-41083","PF","Luke","Luke Kornet","Kornet","0","0","3500","LAL@NY","NY","LAL","","","",""
"22415-23676","SG","Damyean","Damyean Dotson","Dotson","5.6058825324563415","17","3500","LAL@NY","NY","LAL","","","",""
"22415-41597","SF","Johnathan","Johnathan Motley","Motley","0","0","3500","SA@DAL","DAL","SA","","","",""
"22415-12424","C","Timofey","Timofey Mozgov","Mozgov","10.527777777777779","18","3500","WAS@BKN","BKN","WAS","","","",""
"22415-63126","SF","Cedi","Cedi Osman","Osman","3.93684226588199","19","3500","ATL@CLE","CLE","ATL","","","",""
"22415-66203","SG","Malachi","Malachi Richardson","Richardson","7.016666412353516","12","3500","PHO@SAC","SAC","PHO","","","",""
"22415-66205","PF","Tyler","Tyler Lydon","Lydon","0","1","3500","DEN@DET","DEN","DET","","","",""
"22415-70819","PF","Dragan","Dragan Bender","Bender","12.071428571428571","28","3500","PHO@SAC","PHO","SAC","","","",""
"22415-70821","C","Georgios","Georgios Papagiannis","Papagiannis","6.719999694824219","5","3500","PHO@SAC","SAC","PHO","","","",""
"22415-23717","SF","Shabazz","Shabazz Muhammad","Muhammad","7.322727550159801","22","3500","PHI@MIN","MIN","PHI","","","",""
"22415-70822","SF","Juan","Juan Hernangomez","Hernangomez","9.153846153846153","13","3500","DEN@DET","DEN","DET","","","",""
"22415-70825","SG","Timothe","Timothe Luwawu-Cabarrot","Luwawu-Cabarrot","10.184000244140625","25","3500","PHI@MIN","PHI","MIN","","","",""
"22415-70827","C","Ivica","Ivica Zubac","Zubac","1.1333333651224773","6","3500","LAL@NY","LAL","NY","","","",""
"22415-70826","SG","Furkan","Furkan Korkmaz","Korkmaz","3.5333334604899087","6","3500","PHI@MIN","PHI","MIN","","","",""
"22415-23744","SF","Justin","Justin Anderson","Anderson","9.490000152587891","10","3500","PHI@MIN","PHI","MIN","O","Lower leg","",""
"22415-42689","PG","Tyler","Tyler Ennis","Ennis","4.608333269755046","12","3500","LAL@NY","LAL","NY","","","",""
"22415-49349","PG","Isaiah","Isaiah Taylor","Taylor","11.963158055355674","19","3500","ATL@CLE","ATL","CLE","","","",""
"22415-81606","PG","Jacob","Jacob Wiley","Wiley","3.866666793823242","6","3500","WAS@BKN","BKN","WAS","","","",""
"22415-14539","PF","Jon","Jon Leuer","Leuer","11.612500190734863","8","3500","DEN@DET","DET","DEN","O","Ankle","",""
"22415-14543","PF","Davis","Davis Bertans","Bertans","7.895652439283288","23","3500","SA@DAL","SA","DAL","","","",""
"22415-58584","PG","Gian","Gian Clavell","Clavell","5.271428789411273","7","3500","SA@DAL","DAL","SA","","","",""
"22415-58081","PG","Tyus","Tyus Jones","Jones","13.062963415075231","27","3500","PHI@MIN","MIN","PHI","","","",""
"22415-9448","SG","Jamal","Jamal Crawford","Crawford","14.277777777777779","27","3500","PHI@MIN","MIN","PHI","","","",""
"22415-23788","SG","Bryn","Bryn Forbes","Forbes","10.14444421838831","27","3500","SA@DAL","SA","DAL","","","",""
"22415-9968","SG","Jodie","Jodie Meeks","Meeks","10.319230299729567","26","3500","WAS@BKN","WAS","BKN","","","",""
"22415-67312","C","Thomas","Thomas Bryant","Bryant","0","0","3500","LAL@NY","LAL","NY","","","",""
"22415-23801","SG","Nik","Nik Stauskas","Stauskas","2.449999968210856","6","3500","WAS@BKN","BKN","WAS","GTD","Coach's decision","",""
"22415-9479","SF","Luol","Luol Deng","Deng","5.5","1","3500","LAL@NY","LAL","NY","","","",""
"22415-9483","C","Joakim","Joakim Noah","Noah","10.25","2","3500","LAL@NY","NY","LAL","","","",""
"22415-23825","C","Nerlens","Nerlens Noel","Noel","11.866667005750868","18","3500","SA@DAL","DAL","SA","O","Thumb","",""
"22415-40209","C","Joffrey","Joffrey Lauvergne","Lauvergne","9.453846271221455","13","3500","SA@DAL","SA","DAL","","","",""
"22415-58134","SF","Justin","Justin Jackson","Jackson","9.422222561306423","18","3500","PHO@SAC","SAC","PHO","","","",""
"22415-71467","PG","Malcolm","Malcolm Delaney","Delaney","11.594737002724095","19","3500","ATL@CLE","ATL","CLE","","","",""
"22415-71469","SF","Nicolas","Nicolas Brussino","Brussino","0.8999999761581421","4","3500","ATL@CLE","ATL","CLE","","","",""
"22415-20277","SF","Torrey","Torrey Craig","Craig","1.2000000476837158","1","3500","DEN@DET","DEN","DET","","","",""
"22415-41275","PF","Mike","Mike Young","Young","0","0","3500","WAS@BKN","WAS","BKN","","","",""
"22415-16188","SF","Anthony","Anthony Brown","Brown","9.690908952192826","11","3500","PHI@MIN","MIN","PHI","","","",""
"22415-82237","PG","Jacob","Jacob Pullen","Pullen","0","2","3500","PHI@MIN","PHI","MIN","","","",""
"22415-9534","PG","Aaron","Aaron Brooks","Brooks","3.55","10","3500","PHI@MIN","MIN","PHI","","","",""
"22415-11074","SG","Garrett","Garrett Temple","Temple","16.28","25","3500","PHO@SAC","SAC","PHO","","","",""
"22415-20805","SG","Troy","Troy Daniels","Daniels","8.710714067731585","28","3500","PHO@SAC","PHO","SAC","","","",""
"22415-40267","PG","London","London Perrantes","Perrantes","0","0","3500","ATL@CLE","CLE","ATL","","","",""
"22415-17230","PG","Langston","Langston Galloway","Galloway","10.079166412353516","24","3500","DEN@DET","DET","DEN","","","",""
"22415-63826","C","Boban","Boban Marjanovic","Marjanovic","7.985714503696987","7","3500","DEN@DET","DET","DEN","","","",""
"22415-9580","PF","Darrell","Darrell Arthur","Arthur","2.7000001271565757","3","3500","DEN@DET","DEN","DET","","","",""
"22415-9587","PF","Michael","Michael Beasley","Beasley","13.075","20","3500","LAL@NY","NY","LAL","","","",""
"22415-15736","C","Jeff","Jeff Withey","Withey","3.8499999046325684","8","3500","SA@DAL","DAL","SA","","","",""
"22415-66424","C","Justin","Justin Patton","Patton","0","0","3500","PHI@MIN","MIN","PHI","","","",""
"22415-9601","C","Andrew","Andrew Bogut","Bogut","7.946666463216146","15","3500","LAL@NY","LAL","NY","","","",""
"22415-9605","PG","Ramon","Ramon Sessions","Sessions","11.330000305175782","10","3500","LAL@NY","NY","LAL","","","",""
"22415-9606","SF","Corey","Corey Brewer","Brewer","7.5279998779296875","25","3500","LAL@NY","LAL","NY","","","",""
"22415-66455","PF","Henry","Henry Ellenson","Ellenson","8.455555386013454","9","3500","DEN@DET","DET","DEN","","","",""
"22415-23981","SG","Alex","Alex Caruso","Caruso","4.199999809265137","2","3500","LAL@NY","LAL","NY","","","",""
"22415-74163","PG","Josh","Josh Magette","Magette","6.212500095367432","8","3500","ATL@CLE","ATL","CLE","","","",""
"22415-80819","PF","Harry","Harry Giles","Giles","0","0","3500","PHO@SAC","SAC","PHO","O","Knee","",""
"22415-9654","SF","Vince","Vince Carter","Carter","7.800000359030331","17","3500","PHO@SAC","SAC","PHO","","","",""
"22415-15798","SG","Vander","Vander Blue","Blue","0.23333332935969034","3","3500","LAL@NY","LAL","NY","","","",""
"22415-48570","PF","Isaiah","Isaiah Hicks","Hicks","0","0","3500","LAL@NY","NY","LAL","","","",""
"22415-9669","PF","Jason","Jason Smith","Smith","6.144444359673394","9","3500","WAS@BKN","WAS","BKN","GTD","Knee","",""
"22415-40396","PG","Monte","Monte Morris","Morris","0","0","3500","DEN@DET","DEN","DET","","","",""
"22415-9677","PF","Jared","Jared Dudley","Dudley","12.266666412353516","12","3500","PHO@SAC","PHO","SAC","","","",""
"22415-16859","SF","Lance","Lance Thomas","Thomas","8.208695784859035","23","3500","LAL@NY","NY","LAL","","","",""
"22415-16348","SG","Darrun","Darrun Hilliard","Hilliard","3.9000000953674316","4","3500","SA@DAL","SA","DAL","","","",""
"22415-24543","PF","Matt","Matt Costello","Costello","14","1","3500","SA@DAL","SA","DAL","","","",""
"22415-67556","PG","Tyler","Tyler Dorsey","Dorsey","3.637500047683716","8","3500","ATL@CLE","ATL","CLE","","","",""
"22415-17894","C","Mike","Mike Muscala","Muscala","16.5","9","3500","ATL@CLE","ATL","CLE","O","Ankle","",""
"22415-9706","SF","Richard","Richard Jefferson","Jefferson","3.137500047683716","8","3500","DEN@DET","DEN","DET","","","",""
"22415-16363","SF","Joe","Joe Harris","Harris","17.32608695652174","23","3500","WAS@BKN","BKN","WAS","","","",""
"22415-63477","SF","Luis","Luis Montero","Montero","0","0","3500","DEN@DET","DET","DEN","","","",""
"22415-16376","SF","Dorian","Dorian Finney-Smith","Finney-Smith","5.1875","8","3500","SA@DAL","DAL","SA","O","Knee","",""
"22415-66046","SG","Luke","Luke Kennard","Kennard","10.838095528738839","21","3500","DEN@DET","DET","DEN","","","",""